update, test_name, testTicket, 40, 3, 20201231
update, test_name, testTicket, 40, 3, 20201231
update, test_name, testTicket, 40, 3, 20201231
update, test_name, testTicket, 40, 3, 20201231
update, test_name, testTicket, 40, 3, 20201231
update, test_name, testTicket, 40, 100, 20201231
update, test_name, testTicket, 40, 100, 20201231
update, test_name, testTicket, 40, 100, 20201231
update, test_name, testTicket, 40, 100, 20201231
update, test_name, testTicket, 13, 3, 20201231
update, test_name, testTicket, 13, 3, 20201231
update, test_name, testTicket, 13, 3, 20201231
update, test_name, testTicket, 13, 3, 20201231
update, test_name, testTicket, 13, 3, 20201231
update, test_name, testTicket, 13, 3, 20201231
update, test_name, testTicket, 13, 3, 20201231
update, test_name, testTicket, 40, 3, 20201231
update, test_name, testTicket, 40, 3, 20201231
update, test_name, testTicket, 40, 3, 20201231
update, test_name, testTicket, 40, 3, 20201231
update, test_name, testTicket, 40, 3, 20201231
update, test_name, testTicket, 13, 3, 20201231
update, test_name, testTicket, 40, 3, 20201231
update, test_name, testTicket, 13, 3, 20201231
update, test_name, testTicket, 40, 3, 20201231
update, test_name, testTicket, 40, 3, 20201231
update, test_name, testTicket, 40, 3, 20201231
update, test_name, testTicket, 40, 3, 20201231
update, test_name, testTicket, 40, 3, 20201231
update, test_name, testTicket, 13, 3, 20201231
update, test_name, testTicket, 40, 3, 20201231
update, test_name, testTicket, 13, 3, 20201231
update, test_name, testTicket, 11, 3, 20201231
update, test_name, testTicket, 11, 3, 20201231
update, test_name, testTicket, 11, 3, 20201231
update, test_name, testTicket, 11, 3, 20201231
