buy, test_name, testTicket, 39, 3, 20201231
buy, test_name, testTicket, 39, 3, 20201231
buy, test_name, testTicket, 39, 3, 20201231
buy, test_name, testTicket, 39, 3, 20201231
buy, test_name, testTicket, 39, 3, 20201231
buy, test_name, testTicket, 39, 3, 20201231
buy, test_name, testTicket, 39, 3, 20201231
buy, test_name, testTicket, 39, 3, 20201231
buy, test_name, testTicket, 39, 3, 20201231
buy, test_name, testTicket, 39, 3, 20201231
buy, test_name, testTicket, 39, 3, 20201231
buy, test_name, testTicket, 39, 3, 20201231
buy, test_name, testTicket, 39, 3, 20201231
buy, test_name, testTicket, 39, 3, 20201231
buy, test_name, testTicket, 39, 3, 20201231
buy, test_name, testTicket, 39, 3, 20201231
buy, test_name, testTicket, 39, 3, 20201231
sell, test_name, test1, 21, 3, 20201228
sell, test_name, test1, 21, 3, 20201228
sell, test_name, test1, 21, 3, 20201228
sell, test_name, test, 23, 3, 20201228
register, tester, tester@327.com, Tester1234!, 3000
register, tester, tester@327.com, Tester1234!, 3000
register, tester, tester@327.com, Tester1234!, 3000
register, tester, tester@327.com, Tester1234!, 3000
register, tester, tester@327.com, Tester1234!, 3000
register, tester, tester@327.com, Tester1234!, 3000
register, tester, tester@327.com, Tester1234!, 3000
register, tester, tester@327.com, Tester1234!, 3000
register, tester, tester@327.com, Tester1234!, 3000
register, tester, tester@327.com, Tester1234!, 3000
register, tester, tester@327.com, Tester1234!, 3000
register, tester, tester@327.com, Tester1234!, 3000
register, tester, tester@327.com, Tester1234!, 3000
register, tester, tester@327.com, Tester1234!, 3000
register, tester, tester@327.com, Tester1234!, 3000
register, tester, tester@327.com, Tester1234!, 3000
register, tester, tester@327.com, Tester1234!, 3000
register, tester, tester@327.com, Tester1234!, 3000
register, tester, tester@327.com, Tester1234!, 3000
register, tester, tester@327.com, Tester1234!, 3000
register, tester, tester@327.com, Tester1234!, 3000
register, tester, tester@327.com, Tester1234!, 3000
register, tester, tester@327.com, Tester1234!, 3000
register, tester, tester@327.com, Tester1234!, 3000
register, tester, tester@327.com, Tester1234!, 3000
register, tester, tester@327.com, Tester1234!, 3000
register, tester, tester@327.com, Tester1234!, 3000
register, tester, tester@327.com, Tester1234!, 3000
register, tester, tester@327.com, Tester1234!, 3000
register, tester, tester@327.com, Tester1234!, 3000
register, tester, tester@327.com, Tester1234!, 3000
register, tester, tester@327.com, Tester1234!, 3000
register, tester, tester@327.com, Tester1234!, 3000
register, tester, tester@327.com, Tester1234!, 3000
register, tester, tester@327.com, Tester1234!, 3000
register, tester, tester@327.com, Tester1234!, 3000
register, tester, tester@327.com, Tester1234!, 3000
register, tester, tester@327.com, Tester1234!, 3000
register, tester, tester@327.com, Tester1234!, 3000
register, tester, tester@327.com, Tester1234!, 3000
register, tester, tester@327.com, Tester1234!, 3000
register, tester, tester@327.com, Tester1234!, 3000
register, tester, tester@327.com, Tester1234!, 3000
register, tester, tester@327.com, Tester1234!, 3000
register, tester, tester@327.com, Tester1234!, 3000
register, tester, tester@327.com, Tester1234!, 3000
register, tester, tester@327.com, Tester1234!, 3000
register, tester, tester@327.com, Tester1234!, 3000
register, tester, tester@327.com, Tester1234!, 3000
register, tester, tester@327.com, Tester1234!, 3000
register, tester, tester@327.com, Tester1234!, 3000
register, tester, tester@327.com, Tester1234!, 3000
register, tester, tester@327.com, Tester1234!, 3000
register, tester, tester@327.com, Tester1234!, 3000
register, tester, tester@327.com, Tester1234!, 3000
register, tester, tester@327.com, Tester1234!, 3000
register, tester, tester@327.com, Tester1234!, 3000
register, tester, tester@327.com, Tester1234!, 3000
register, tester, tester@327.com, Tester1234!, 3000
register, tester, tester@327.com, Tester1234!, 3000
register, tester, tester@327.com, Tester1234!, 3000
register, tester, tester@327.com, Tester1234!, 3000
register, tester, tester@327.com, Tester1234!, 3000
register, tester, tester@327.com, Tester1234!, 3000
register, tester, tester@327.com, Tester1234!, 3000
register, tester, tester@327.com, Tester1234!, 3000
register, tester, tester@327.com, Tester1234!, 3000
register, tester, tester@327.com, Tester1234!, 3000
register, tester, tester@327.com, Tester1234!, 3000
register, tester, tester@327.com, Tester1234!, 3000
register, tester, tester@327.com, Tester1234!, 3000
register, tester, tester@327.com, Tester1234!, 3000
register, tester, tester@327.com, Tester1234!, 3000
register, tester, tester@327.com, Tester1234!, 3000
register, tester, tester@327.com, Tester1234!, 3000
register, tester, tester@327.com, Tester1234!, 3000
register, tester, tester@327.com, Tester1234!, 3000
register, tester, tester@327.com, Tester1234!, 3000
register, tester, tester@327.com, Tester1234!, 3000
register, tester, tester@327.com, Tester1234!, 3000
register, tester, tester@327.com, Tester1234!, 3000
register, tester, tester@327.com, Tester1234!, 3000
register, tester, tester@327.com, Tester1234!, 3000
register, tester, tester@327.com, Tester1234!, 3000
register, tester, tester@327.com, Tester1234!, 3000
register, tester, tester@327.com, Tester1234!, 3000
register, tester, tester@327.com, Tester1234!, 3000
register, tester, tester@327.com, Tester1234!, 3000
register, tester, tester@327.com, Tester1234!, 3000
register, tester, tester@327.com, Tester1234!, 3000
register, tester, tester@327.com, Tester1234!, 3000
register, tester, tester@327.com, Tester1234!, 3000
register, tester, tester@327.com, Tester1234!, 3000
register, tester, tester@327.com, Tester1234!, 3000
register, tester, tester@327.com, Tester1234!, 3000
register, tester, tester@327.com, Tester1234!, 3000
register, tester, tester@327.com, Tester1234!, 3000
register, tester, tester@327.com, Tester1234!, 3000
register, tester, tester@327.com, Tester1234!, 3000
register, tester, tester@327.com, Tester1234!, 3000
register, tester, tester@327.com, Tester1234!, 3000
register, tester, tester@327.com, Tester1234!, 3000
register, tester, tester@327.com, Tester1234!, 3000
register, tester, tester@327.com, Tester1234!, 3000
register, tester, tester@327.com, Tester1234!, 3000
register, tester, tester@327.com, Tester1234!, 3000
register, tester, tester@327.com, Tester1234!, 3000
register, tester, tester@327.com, Tester1234!, 3000
register, tester, tester@327.com, Tester1234!, 3000
register, tester, tester@327.com, Tester1234!, 3000
register, tester, tester@327.com, Tester1234!, 3000
register, tester, tester@327.com, Tester1234!, 3000
register, tester, tester@327.com, Tester1234!, 3000
register, tester, tester@327.com, Tester1234!, 3000
register, tester, tester@327.com, Tester1234!, 3000
register, tester, tester@327.com, Tester1234!, 3000
register, tester, tester@327.com, Tester1234!, 3000
register, tester, tester@327.com, Tester1234!, 3000
register, tester, tester@327.com, Tester1234!, 3000
register, tester, tester@327.com, Tester1234!, 3000
register, tester, tester@327.com, Tester1234!, 3000
register, tester, tester@327.com, Tester1234!, 3000
register, tester, tester@327.com, Tester1234!, 3000
register, tester, tester@327.com, Tester1234!, 3000
register, tester, tester@327.com, Tester1234!, 3000
register, tester, tester@327.com, Tester1234!, 3000
register, tester, tester@327.com, Tester1234!, 3000
register, tester, tester@327.com, Tester1234!, 3000
register, tester, tester@327.com, Tester1234!, 3000
register, tester, tester@327.com, Tester1234!, 3000
register, tester, tester@327.com, Tester1234!, 3000
register, tester, tester@327.com, Tester1234!, 3000
register, tester, tester@327.com, Tester1234!, 3000
register, tester, tester@327.com, Tester1234!, 3000
register, tester, tester@327.com, Tester1234!, 3000
register, tester, tester@327.com, Tester1234!, 3000
register, tester, tester@327.com, Tester1234!, 3000
register, tester, tester@327.com, Tester1234!, 3000
register, tester, tester@327.com, Tester1234!, 3000
register, tester, tester@327.com, Tester1234!, 3000
register, tester, tester@327.com, Tester1234!, 3000
register, tester, tester@327.com, Tester1234!, 3000
register, tester, tester@327.com, Tester1234!, 3000
register, tester, tester@327.com, Tester1234!, 3000
register, tester, tester@327.com, Tester1234!, 3000
register, tester, tester@327.com, Tester1234!, 3000
register, tester, tester@327.com, Tester1234!, 3000
register, tester, tester@327.com, Tester1234!, 3000
register, tester, tester@327.com, Tester1234!, 3000
register, tester, tester@327.com, Tester1234!, 3000
register, tester, tester@327.com, Tester1234!, 3000
register, tester, tester@327.com, Tester1234!, 3000
register, tester, tester@327.com, Tester1234!, 3000
register, tester, tester@327.com, Tester1234!, 3000
register, tester, tester@327.com, Tester1234!, 3000
register, tester, tester@327.com, Tester1234!, 3000
register, tester, tester@327.com, Tester1234!, 3000
register, tester, tester@327.com, Tester1234!, 3000
register, tester, tester@327.com, Tester1234!, 3000
register, tester, tester@327.com, Tester1234!, 3000
register, tester, tester@327.com, Tester1234!, 3000
register, tester, tester@327.com, Tester1234!, 3000
register, tester, tester@327.com, Tester1234!, 3000
register, tester, tester@327.com, Tester1234!, 3000
register, tester, tester@327.com, Tester1234!, 3000
register, tester, tester@327.com, Tester1234!, 3000
register, tester, tester@327.com, Tester1234!, 3000
register, tester, tester@327.com, Tester1234!, 3000
buy, test_name, testTicket, 39, 3, 20201231
buy, test_name, testTicket, 39, 3, 20201231
buy, test_name, testTicket, 39, 3, 20201231
buy, test_name, testTicket, 39, 3, 20201231
buy, test_name, testTicket, 39, 3, 20201231
buy, test_name, testTicket, 39, 3, 20201231
buy, test_name, testTicket, 39, 3, 20201231
buy, test_name, testTicket, 39, 3, 20201231
buy, test_name, testTicket, 39, 3, 20201231
buy, test_name, testTicket, 39, 3, 20201231
buy, test_name, testTicket, 39, 3, 20201231
buy, test_name, testTicket, 39, 3, 20201231
buy, test_name, testTicket, 39, 3, 20201231
buy, test_name, testTicket, 39, 3, 20201231
buy, test_name, testTicket, 39, 3, 20201231
buy, test_name, testTicket, 39, 3, 20201231
buy, test_name, testTicket, 39, 3, 20201231
sell, test_name, test1, 21, 3, 20201228
sell, test_name, test1, 21, 3, 20201228
sell, test_name, test1, 21, 3, 20201228
sell, test_name, test, 23, 3, 20201228
register, tester, tester@327.com, Tester1234!, 3000
register, tester, tester@327.com, Tester1234!, 3000
register, tester, tester@327.com, Tester1234!, 3000
register, tester, tester@327.com, Tester1234!, 3000
register, tester, tester@327.com, Tester1234!, 3000
register, tester, tester@327.com, Tester1234!, 3000
register, tester, tester@327.com, Tester1234!, 3000
register, tester, tester@327.com, Tester1234!, 3000
register, tester, tester@327.com, Tester1234!, 3000
register, tester, tester@327.com, Tester1234!, 3000
register, tester, tester@327.com, Tester1234!, 3000
register, tester, tester@327.com, Tester1234!, 3000
register, tester, tester@327.com, Tester1234!, 3000
register, tester, tester@327.com, Tester1234!, 3000
register, tester, tester@327.com, Tester1234!, 3000
register, tester, tester@327.com, Tester1234!, 3000
register, tester, tester@327.com, Tester1234!, 3000
register, tester, tester@327.com, Tester1234!, 3000
register, tester, tester@327.com, Tester1234!, 3000
register, tester, tester@327.com, Tester1234!, 3000
register, tester, tester@327.com, Tester1234!, 3000
register, tester, tester@327.com, Tester1234!, 3000
register, tester, tester@327.com, Tester1234!, 3000
register, tester, tester@327.com, Tester1234!, 3000
register, tester, tester@327.com, Tester1234!, 3000
register, tester, tester@327.com, Tester1234!, 3000
register, tester, tester@327.com, Tester1234!, 3000
register, tester, tester@327.com, Tester1234!, 3000
register, tester, tester@327.com, Tester1234!, 3000
register, tester, tester@327.com, Tester1234!, 3000
register, tester, tester@327.com, Tester1234!, 3000
register, tester, tester@327.com, Tester1234!, 3000
register, tester, tester@327.com, Tester1234!, 3000
register, tester, tester@327.com, Tester1234!, 3000
register, tester, tester@327.com, Tester1234!, 3000
register, tester, tester@327.com, Tester1234!, 3000
register, tester, tester@327.com, Tester1234!, 3000
register, tester, tester@327.com, Tester1234!, 3000
register, tester, tester@327.com, Tester1234!, 3000
register, tester, tester@327.com, Tester1234!, 3000
register, tester, tester@327.com, Tester1234!, 3000
register, tester, tester@327.com, Tester1234!, 3000
register, tester, tester@327.com, Tester1234!, 3000
register, tester, tester@327.com, Tester1234!, 3000
register, tester, tester@327.com, Tester1234!, 3000
register, tester, tester@327.com, Tester1234!, 3000
register, tester, tester@327.com, Tester1234!, 3000
register, tester, tester@327.com, Tester1234!, 3000
buy, test_name, testTicket, 39, 3, 20201231
buy, test_name, testTicket, 39, 3, 20201231
buy, test_name, testTicket, 39, 3, 20201231
buy, test_name, testTicket, 39, 3, 20201231
buy, test_name, testTicket, 39, 3, 20201231
buy, test_name, testTicket, 39, 3, 20201231
buy, test_name, testTicket, 39, 3, 20201231
buy, test_name, testTicket, 39, 3, 20201231
buy, test_name, testTicket, 39, 3, 20201231
buy, test_name, testTicket, 39, 3, 20201231
buy, test_name, testTicket, 39, 3, 20201231
buy, test_name, testTicket, 39, 3, 20201231
buy, test_name, testTicket, 39, 3, 20201231
buy, test_name, testTicket, 39, 3, 20201231
buy, test_name, testTicket, 39, 3, 20201231
buy, test_name, testTicket, 39, 3, 20201231
buy, test_name, testTicket, 39, 3, 20201231
buy, test_name, testTicket, 39, 3, 20201231
buy, test_name, testTicket, 39, 3, 20201231
buy, test_name, testTicket, 39, 3, 20201231
buy, test_name, testTicket, 39, 3, 20201231
buy, test_name, testTicket, 39, 3, 20201231
buy, test_name, testTicket, 39, 3, 20201231
buy, test_name, testTicket, 39, 3, 20201231
buy, test_name, testTicket, 39, 3, 20201231
buy, test_name, testTicket, 39, 3, 20201231
buy, test_name, testTicket, 39, 3, 20201231
buy, test_name, testTicket, 39, 3, 20201231
buy, test_name, testTicket, 39, 3, 20201231
update, test_name, testTicket, 40, 3, 20201231
update, test_name, testTicket, 40, 3, 20201231
update, test_name, testTicket, 40, 3, 20201231
update, test_name, testTicket, 40, 3, 20201231
update, test_name, testTicket, 40, 3, 20201231
update, test_name, testTicket, 13, 3, 20201231
update, test_name, testTicket, 40, 3, 20201231
update, test_name, testTicket, 13, 3, 20201231
update, test_name, testTicket, 40, 3, 20201231
update, test_name, testTicket, 40, 3, 20201231
update, test_name, testTicket, 40, 3, 20201231
update, test_name, testTicket, 40, 3, 20201231
update, test_name, testTicket, 40, 3, 20201231
update, test_name, testTicket, 13, 3, 20201231
update, test_name, testTicket, 40, 3, 20201231
update, test_name, testTicket, 13, 3, 20201231
register, tester, tester@327.com, Tester1234!, 3000
register, tester, tester@327.com, Tester1234!, 3000
register, tester, tester@327.com, Tester1234!, 3000
register, tester, tester@327.com, Tester1234!, 3000
register, tester, tester@327.com, Tester1234!, 3000
register, tester, tester@327.com, Tester1234!, 3000
register, tester, tester@327.com, Tester1234!, 3000
register, tester, tester@327.com, Tester1234!, 3000
register, tester, tester@327.com, Tester1234!, 3000
register, tester, tester@327.com, Tester1234!, 3000
register, tester, tester@327.com, Tester1234!, 3000
register, tester, tester@327.com, Tester1234!, 3000
register, tester, tester@327.com, Tester1234!, 3000
register, tester, tester@327.com, Tester1234!, 3000
register, tester, tester@327.com, Tester1234!, 3000
register, tester, tester@327.com, Tester1234!, 3000
register, tester, tester@327.com, Tester1234!, 3000
register, tester, tester@327.com, Tester1234!, 3000
register, tester, tester@327.com, Tester1234!, 3000
register, tester, tester@327.com, Tester1234!, 3000
register, tester, tester@327.com, Tester1234!, 3000
register, tester, tester@327.com, Tester1234!, 3000
register, tester, tester@327.com, Tester1234!, 3000
register, tester, tester@327.com, Tester1234!, 3000
sell, test_name, test1, 21, 3, 20201228
sell, test_name, test1, 21, 3, 20201228
sell, test_name, test1, 21, 3, 20201228
sell, test_name, test, 23, 3, 20201228
buy, test_name, testTicket, 39, 3, 20201231
buy, test_name, testTicket, 39, 3, 20201231
buy, test_name, testTicket, 39, 3, 20201231
buy, test_name, testTicket, 39, 3, 20201231
buy, test_name, testTicket, 39, 3, 20201231
buy, test_name, testTicket, 39, 3, 20201231
buy, test_name, testTicket, 39, 3, 20201231
buy, test_name, testTicket, 39, 3, 20201231
buy, test_name, testTicket, 39, 3, 20201231
buy, test_name, testTicket, 39, 3, 20201231
buy, test_name, testTicket, 39, 3, 20201231
buy, test_name, testTicket, 39, 3, 20201231
buy, test_name, testTicket, 39, 3, 20201231
buy, test_name, testTicket, 39, 3, 20201231
buy, test_name, testTicket, 39, 3, 20201231
